CREATE TABLE `schools`
(
    `id`                    int(11) PRIMARY KEY NOT NULL AUTO_INCREMENT,
    `name`                  varchar(128)        NOT NULL,
    `suburb`                varchar(64)         NOT NULL,
    `year_of_establishment` int(4) UNSIGNED     NOT NULL
);

INSERT INTO `schools` (`id`, `name`, `suburb`, `year_of_establishment`)
VALUES (51, 'Alamein Primary School', 'Ashburton', 1950),
       (10, 'Alberton West (and District) Primary School', 'Alberton West', 1879),
       (3, 'Allans Flat Primary School', 'Allans Flat', 1859),
       (20, 'Allans Forest Primary School', 'Mepunga West', 1871),
       (71, 'Altona North Technical School', 'Altona', 1959),
       (44, 'Amstle Primary School', 'Oakleigh East', 1958),
       (62, 'Ararat Technical School', 'Ararat', 1969),
       (5, 'Ardoch High School', 'St Kilda East', 1977),
       (56, 'Ashwood Primary School', 'Ashwood', 1953),
       (21, 'Aspendale Technical School', 'Aspendale', 1959),
       (59, 'Avondale High School', 'Avondale Heights', 1972),
       (2, 'Bald Hills Primary School', 'Sulky', 1878),
       (38, 'Ballarat East Primary School', 'Ballarat East', 1878),
       (32, 'Ballarat Primary School', 'Ballarat', 1853),
       (6, 'Ballarat North Technical School', 'Ballarat North', 1955),
       (75, 'Balliang Primary School', 'Balliang', 1910),
       (15, 'Bangholme Primary School', 'Bangholme', 1915),
       (27, 'Banyule High School', 'Heidelberg', 1961),
       (66, 'Barkers Creek Primary School', 'Barkers Creek', 1875),
       (63, 'Barwon Downs Primary School', 'Barwon Downs', 1888),
       (31, 'Bayview Primary School', 'Mount Waverley', 1956),
       (69, 'Bellarine Primary School', 'Bellarine', 1874),
       (47, 'Benalla High School', 'Benalla', 1912),
       (16, 'Bennettswood Primary School', 'Bennettswood', 1964),
       (26, 'Bentleigh East Primary School', 'Bentleigh East', 1878),
       (60, 'Berriwillock Primary School', 'Berriwillock', 1895),
       (12, 'Binginwarri Primary School', 'Binginwarri', 1888),
       (39, 'Blackburn Technical School', 'Blackburn', 1959),
       (4, 'Blackburn East Primary School', 'Blackburn East', 1958),
       (48, 'Blackburn South High School', 'Blackburn South', 1959),
       (72, 'Blackburn South Primary School', 'Blackburn South', 1920),
       (46, 'Bobinawarrah East Primary School', 'Bobinawarrah', 1899),
       (42, 'Bonbeach High School', 'Bonbeach', 1957),
       (50, 'Bonnie Doon Primary School', 'Bonnie Doon', 1878),
       (65, 'Bookaar Primary School', 'Bookaar', 1908),
       (40, 'Boolarra South Primary School', 'Boolarra South', 1910),
       (64, 'Boronia High School', 'Boronia', 1957),
       (54, 'Boronia Primary School', 'Boronia', 1923),
       (13, 'Boronia Heights College', 'Boronia', 1973),
       (53, 'Botanic Park Primary School', 'Doncaster', 1973),
       (7, 'Box Hill Primary School', 'Box Hill', 1887),
       (9, 'Box Hill Technical School', 'Box Hill', 1943),
       (70, 'Brewster Primary School', 'Brewster', 1924),
       (52, 'Brighton Technical School', 'Brighton', 1922),
       (73, 'Broadmeadows Technical School', 'Broadmeadows', 1961),
       (29, 'Brooklyn Primary School', 'Brooklyn', 1953),
       (34, 'Brunswick High School', 'Brunswick', 1964),
       (36, 'Brunswick East High School', 'Brunswick', 1969),
       (17, 'Brunswick Primary School', 'Brunswick', 1873),
       (68, 'Brunswick West Primary School', 'Brunswick', 1888),
       (37, 'Buckley Primary School', 'Buckley', 1875),
       (45, 'Bundgeree Primary School', 'Bundgeree', 1888),
       (19, 'Bulla Primary School', 'Bulla', 1872),
       (23, 'Bullarook Primary School', 'Bullarook', 1859),
       (18, 'Bulleen Primary School', 'Bulleen', 1961),
       (67, 'Bunbartha Primary School', 'Bunbartha', 1881),
       (35, 'Burramine South Primary School', 'Burramine South', 1879),
       (41, 'Burwood Primary School', 'Burwood', 1865),
       (61, 'Burwood Technical School', 'Burwood', 1956),
       (24, 'Burwood High School', 'Burwood', 1955),
       (33, 'Cabbage Tree Primary School', 'Cabbage Tree', 1913),
       (14, 'Campbellfield Primary School', 'Campbellfield', 1846),
       (74, 'Carpendeit Primary School', 'Carpendeit', 1875),
       (22, 'Carrajung Primary School', 'Carrajung', 1914),
       (30, 'Castle Donnington Primary School', 'Castle Donnington', 1912),
       (25, 'Catani Primary School', 'Catani', 1923),
       (58, 'Chadstone High School', 'Chadstone', 1962),
       (49, 'Charlton Primary School', 'Charlton', 1875),
       (28, 'Cheltenham North Primary School', 'Cheltenham North', 1957),
       (1, 'Cheshunt Primary School', 'Cheshunt', 1883),
       (8, 'Chocolyn Primary School', 'Chocolyn', 1873),
       (11, 'Clarendon Primary School', 'Clarendon', 1978),
       (57, 'Clayton Technical School', 'Clayton', 1961),
       (43, 'Clear Lake Primary School', 'Clear Lake', 1879),
       (55, 'Kingston Primary School', 'Kingston', 1865);

CREATE TABLE `courses`
(
    `id`          int(11) PRIMARY KEY NOT NULL AUTO_INCREMENT,
    `name`        varchar(128)        NOT NULL,
    `description` text                NOT NULL,
    `fees`        decimal(7, 2)       NOT NULL
);

INSERT INTO `courses` (`id`, `name`, `description`, `fees`)
VALUES (1, 'sed dui. Fusce', 'blandit enim consequat purus. Maecenas libero est, congue a, aliquet vel, vulputate eu, odio. Phasellus at augue id ante dictum cursus. Nunc mauris elit, dictum eu, eleifend nec, malesuada ut, sem. Nulla interdum. Curabitur dictum. Phasellus in felis. Nulla tempor augue ac ipsum. Phasellus vitae mauris sit amet lorem semper auctor. Mauris vel turpis. Aliquam adipiscing lobortis', 387.15),
       (2, 'blandit. Nam nulla', 'nisl. Nulla eu neque pellentesque massa lobortis ultrices. Vivamus rhoncus. Donec est. Nunc ullamcorper, velit in aliquet lobortis, nisi nibh lacinia orci, consectetuer euismod est arcu ac orci. Ut semper pretium neque. Morbi quis urna. Nunc quis arcu vel quam dignissim pharetra. Nam ac nulla. In tincidunt congue turpis. In condimentum. Donec at arcu. Vestibulum ante ipsum primis in faucibus orci luctus et ultrices posuere cubilia', 237.66),
       (3, 'est. Nunc laoreet', 'Etiam laoreet, libero et tristique pellentesque, tellus sem mollis dui, in sodales elit erat vitae risus. Duis a mi fringilla mi lacinia mattis. Integer eu lacus. Quisque imperdiet, erat nonummy ultricies ornare, elit elit fermentum risus, at fringilla purus mauris a nunc. In at pede. Cras vulputate velit eu sem. Pellentesque ut ipsum ac mi eleifend egestas. Sed pharetra, felis eget varius ultrices, mauris ipsum porta', 338.62),
       (4, 'egestas lacinia. Sed', 'elit sed consequat auctor, nunc nulla vulputate dui, nec tempus mauris erat eget ipsum. Suspendisse sagittis. Nullam vitae diam. Proin dolor. Nulla semper tellus id nunc interdum feugiat. Sed nec metus facilisis lorem tristique aliquet. Phasellus fermentum convallis ligula. Donec luctus aliquet odio. Etiam ligula tortor, dictum eu, placerat eget, venenatis a, magna. Lorem ipsum dolor sit amet,', 283.87),
       (5, 'Curae Donec tincidunt.', 'sollicitudin commodo ipsum. Suspendisse non leo. Vivamus nibh dolor, nonummy ac, feugiat non, lobortis quis, pede. Suspendisse dui. Fusce diam nunc, ullamcorper eu, euismod ac, fermentum vel, mauris. Integer sem elit, pharetra ut, pharetra sed, hendrerit a, arcu. Sed et libero. Proin mi. Aliquam gravida mauris ut mi. Duis risus odio, auctor vitae, aliquet nec, imperdiet nec, leo. Morbi neque tellus, imperdiet non, vestibulum nec, euismod in, dolor.', 237.94),
       (6, 'dignissim. Maecenas ornare', 'elementum at, egestas a, scelerisque sed, sapien. Nunc pulvinar arcu et pede. Nunc sed orci lobortis augue scelerisque mollis. Phasellus libero mauris, aliquam eu, accumsan sed, facilisis vitae, orci. Phasellus dapibus quam quis diam. Pellentesque habitant morbi tristique senectus et netus et malesuada fames ac turpis egestas. Fusce aliquet magna a neque. Nullam ut nisi a odio semper cursus.', 137.66),
       (7, 'in, hendrerit consectetuer,', 'elementum at, egestas a, scelerisque sed, sapien. Nunc pulvinar arcu et pede. Nunc sed orci lobortis augue scelerisque mollis. Phasellus libero mauris, aliquam eu, accumsan sed, facilisis vitae, orci. Phasellus dapibus quam quis diam. Pellentesque habitant morbi tristique senectus et netus et malesuada fames ac turpis egestas. Fusce aliquet magna a neque. Nullam ut nisi a odio semper cursus. Integer mollis. Integer', 300.20),
       (8, 'vel, mauris. Integer', 'velit. Cras lorem lorem, luctus ut, pellentesque eget, dictum placerat, augue. Sed molestie. Sed id risus quis diam luctus lobortis. Class aptent taciti sociosqu ad litora torquent per conubia nostra, per inceptos hymenaeos. Mauris ut quam vel sapien imperdiet ornare. In faucibus. Morbi vehicula. Pellentesque tincidunt tempus risus. Donec egestas.', 441.78),
       (9, 'Duis a mi', 'sodales purus, in molestie tortor nibh sit amet orci. Ut sagittis lobortis mauris. Suspendisse aliquet molestie tellus. Aenean egestas hendrerit neque. In ornare sagittis felis. Donec tempor, est ac mattis semper, dui lectus rutrum urna, nec luctus felis purus ac tellus. Suspendisse sed dolor. Fusce mi lorem, vehicula et, rutrum eu, ultrices sit amet, risus. Donec nibh enim,', 317.42),
       (10, 'blandit mattis. Cras', 'iaculis quis, pede. Praesent eu dui. Cum sociis natoque penatibus et magnis dis parturient montes, nascetur ridiculus mus. Aenean eget magna. Suspendisse tristique neque venenatis lacus. Etiam bibendum fermentum metus. Aenean sed pede nec ante blandit viverra. Donec tempus, lorem fringilla ornare placerat, orci lacus vestibulum lorem, sit amet ultricies sem magna nec quam. Curabitur vel lectus. Cum sociis natoque penatibus et magnis dis', 410.36),
       (11, 'diam. Pellentesque habitant', 'porttitor tellus non magna. Nam ligula elit, pretium et, rutrum non, hendrerit id, ante. Nunc mauris sapien, cursus in, hendrerit consectetuer, cursus et, magna. Praesent interdum ligula eu enim. Etiam imperdiet dictum magna. Ut tincidunt orci quis lectus. Nullam suscipit, est ac facilisis facilisis, magna tellus faucibus leo, in lobortis tellus justo sit amet nulla. Donec non justo. Proin non massa non ante bibendum ullamcorper. Duis cursus, diam at', 476.98),
       (12, 'ipsum porta elit,', 'vitae erat vel pede blandit congue. In scelerisque scelerisque dui. Suspendisse ac metus vitae velit egestas lacinia. Sed congue, elit sed consequat auctor, nunc nulla vulputate dui, nec tempus mauris erat eget ipsum. Suspendisse sagittis. Nullam vitae diam. Proin dolor. Nulla semper tellus id nunc interdum feugiat. Sed nec metus facilisis', 422.44),
       (13, 'Nulla facilisis. Suspendisse', 'dui lectus rutrum urna, nec luctus felis purus ac tellus. Suspendisse sed dolor. Fusce mi lorem, vehicula et, rutrum eu, ultrices sit amet, risus. Donec nibh enim, gravida sit amet, dapibus id, blandit at, nisi. Cum sociis natoque penatibus et magnis dis parturient montes, nascetur ridiculus mus. Proin vel nisl. Quisque fringilla euismod enim. Etiam', 153.85),
       (14, 'montes, nascetur ridiculus', 'Donec egestas. Aliquam nec enim. Nunc ut erat. Sed nunc est, mollis non, cursus non, egestas a, dui. Cras pellentesque. Sed dictum. Proin eget odio. Aliquam vulputate ullamcorper magna. Sed eu eros. Nam consequat dolor vitae dolor. Donec fringilla. Donec feugiat metus sit amet ante. Vivamus non lorem vitae odio sagittis semper. Nam tempor', 216.60),
       (15, 'augue eu tellus.', 'non, luctus sit amet, faucibus ut, nulla. Cras eu tellus eu augue porttitor interdum. Sed auctor odio a purus. Duis elementum, dui quis accumsan convallis, ante lectus convallis est, vitae sodales nisi magna sed dui. Fusce aliquam, enim nec tempus scelerisque, lorem ipsum sodales purus, in molestie tortor nibh sit amet', 75.10);

CREATE TABLE `students`
(
    `id`            int(11) PRIMARY KEY NOT NULL AUTO_INCREMENT,
    `first_name`    varchar(128)        NOT NULL,
    `surname`       varchar(128)        NOT NULL,
    `home_address`  text                         DEFAULT NULL,
    `parent_phone`  varchar(10)         NOT NULL,
    `parent_email`  varchar(254)        NOT NULL,
    `date_of_birth` date                         DEFAULT NULL,
    `subscribed`    tinyint(1)          NOT NULL DEFAULT 1,
    `school_id`     int(11)                      DEFAULT NULL
);

INSERT INTO `students` (`id`, `first_name`, `surname`, `home_address`, `parent_phone`, `parent_email`, `date_of_birth`, `subscribed`, `school_id`)
VALUES (1, 'Rachel', 'Marshall', 'Ap #241-4842 Ultrices Av.', '0422070861', 'quis.turpis.vitae@aol.edu', '2010-06-18', 1, 37),
       (2, 'Yuli', 'Wiggins', 'P.O. Box 452, 5141 Curabitur Street', '0667332373', 'a.purus.duis@yahoo.org', '2007-11-21', 0, NULL),
       (3, 'Logan', 'Cooper', '600-6203 Fusce Street', '0734736135', 'ligula.aliquam@hotmail.couk', '2009-09-03', 0, 41),
       (4, 'Hiroko', 'Spencer', '532-2413 Adipiscing Rd.', '0946764708', 'netus.et.malesuada@outlook.ca', '2008-04-10', 0, 18),
       (5, 'Bo', 'Fry', '2800 Justo Rd.', '0316566112', 'lobortis@yahoo.org', '2006-10-10', 0, 41),
       (6, 'Rhoda', 'Day', 'Ap #601-4261 Vestibulum Av.', '0265145214', 'mauris.integer@protonmail.edu', '2010-05-05', 0, 10),
       (7, 'Len', 'Warner', 'Ap #261-7208 Placerat St.', '0997452745', 'arcu.curabitur@icloud.org', '2008-12-20', 0, 60),
       (8, 'Nola', 'Gonzalez', 'P.O. Box 506, 5092 At St.', '0445594378', 'fames.ac@aol.couk', '2010-09-02', 0, 20),
       (9, 'Tamara', 'Hart', 'P.O. Box 660, 7111 Dui Ave', '0215869729', 'non.enim.commodo@icloud.edu', '2007-12-19', 0, 21),
       (10, 'Urielle', 'Cantrell', '366-8119 Pharetra Avenue', '0424013624', 'ante.ipsum@yahoo.couk', '2009-03-31', 1, NULL),
       (11, 'Shay', 'Pollard', 'Ap #134-5788 Amet Avenue', '0511625456', 'elit.nulla@google.com', '2009-06-10', 0, 68),
       (12, 'Blythe', 'Whitfield', 'Ap #154-1741 Non Ave', '0782608918', 'tempus.eu@aol.com', '2007-08-09', 0, 61),
       (13, 'Ulla', 'Weiss', '8438 Donec Rd.', '0704473450', 'cras@aol.org', '2007-11-03', 1, 20),
       (14, 'Carol', 'Ball', 'P.O. Box 639, 4054 Nibh St.', '0368439123', 'in.faucibus@icloud.ca', '2007-04-14', 1, NULL),
       (15, 'Shelley', 'Lowery', '8783 Odio Street', '0307838837', 'rhoncus.proin.nisl@protonmail.ca', '2006-10-21', 0, NULL),
       (16, 'Lance', 'Barker', 'Ap #906-3825 In Rd.', '0854369636', 'primis.in@yahoo.net', '2009-03-17', 1, 55),
       (17, 'Velma', 'Page', '188-3798 Dapibus Street', '0758252255', 'litora.torquent@google.net', '2009-06-28', 1, 67),
       (18, 'Allegra', 'Rivera', '9713 Maecenas Rd.', '0816885786', 'mattis.velit@protonmail.edu', '2009-01-30', 1, NULL),
       (19, 'Summer', 'Ortega', '808-8536 Hendrerit Rd.', '0664685543', 'ornare.lectus.justo@hotmail.net', '2007-05-04', 1, 71),
       (20, 'Lillian', 'Walters', 'Ap #239-7192 Aliquet, St.', '0323328402', 'et.nunc@aol.edu', '2008-07-17', 0, 32),
       (21, 'Willa', 'Henderson', '2151 Bibendum Avenue', '0695755726', 'ipsum.porta@outlook.org', '2005-06-09', 1, 56),
       (22, 'Nevada', 'Vasquez', '843-8756 Eu, Avenue', '0275854543', 'neque.sed@google.com', '2010-06-11', 1, 66),
       (23, 'May', 'Owens', '527-4366 Erat Rd.', '0990753221', 'lacus.pede.sagittis@icloud.edu', '2006-07-27', 1, 47),
       (24, 'Alice', 'Oneal', '4648 Leo. Rd.', '0369939798', 'rhoncus.id@icloud.couk', '2009-11-16', 1, 9),
       (25, 'Bevis', 'Horne', 'Ap #775-9821 Luctus. Road', '0671644234', 'tincidunt.vehicula@google.ca', '2010-08-16', 0, 1),
       (26, 'Brennan', 'Sims', '9239 Tellus Av.', '0684622306', 'arcu.ac@outlook.org', '2005-07-13', 0, 74),
       (27, 'Buffy', 'Shaw', 'Ap #500-4564 Nascetur Street', '0516048155', 'sociis.natoque.penatibus@yahoo.ca', '2005-06-08', 0, NULL),
       (28, 'Uriah', 'Nieves', '458-7597 Aliquam Av.', '0546237833', 'non.magna.nam@icloud.ca', '2005-04-24', 0, 44),
       (29, 'Shellie', 'Mcintosh', 'Ap #618-5348 Pretium Avenue', '0186742693', 'integer.mollis.integer@protonmail.net', '2007-06-02', 0, 45),
       (30, 'Clinton', 'Ball', 'Ap #374-1816 Volutpat Street', '0583790836', 'eu.euismod@hotmail.couk', '2007-08-27', 0, 67),
       (31, 'Deacon', 'Slater', '908-1730 Sollicitudin St.', '0427533103', 'magna@protonmail.net', '2005-01-13', 1, 2),
       (32, 'Cole', 'Black', '909-8182 Ante. Street', '0551478224', 'vitae.erat.vel@aol.edu', '2009-02-13', 1, 19),
       (33, 'Joelle', 'Wong', 'P.O. Box 204, 3760 Mauris Rd.', '0261037110', 'integer.eu.lacus@google.couk', '2010-04-23', 0, 56),
       (34, 'Vanna', 'Mcconnell', 'Ap #799-2175 Lacus. Avenue', '0224302352', 'ipsum.primis.in@yahoo.net', '2010-12-17', 0, NULL),
       (35, 'Raphael', 'Espinoza', 'Ap #472-7332 Hendrerit Rd.', '0699070858', 'tristique.aliquet@aol.com', '2005-09-04', 1, 41),
       (36, 'Mark', 'White', 'Ap #189-886 Elit Rd.', '0666012213', 'eleifend.non.dapibus@protonmail.net', '2009-10-22', 0, 64),
       (37, 'Athena', 'Fleming', 'Ap #337-2808 Nascetur St.', '0556594073', 'iaculis@icloud.com', '2008-11-02', 1, 14),
       (38, 'Bernard', 'Terry', 'P.O. Box 712, 5128 Enim. St.', '0866028242', 'dictum.eu@icloud.edu', '2008-10-07', 0, 31),
       (39, 'Declan', 'House', 'Ap #330-1667 Erat Rd.', '0338475656', 'scelerisque.mollis@outlook.couk', '2007-01-01', 0, 16),
       (40, 'Eaton', 'Bender', '301-1726 Gravida Rd.', '0564260326', 'eu.tellus@protonmail.ca', '2006-03-17', 1, 72),
       (41, 'Merrill', 'Holland', '326-9199 Aliquet. Rd.', '0777303711', 'amet@icloud.edu', '2010-11-13', 0, 6),
       (42, 'Graiden', 'Hurley', '7091 Justo Avenue', '0841718421', 'eu.dolor@outlook.org', '2006-04-19', 0, 62),
       (43, 'Mohammad', 'Summers', 'Ap #706-5498 Blandit Road', '0242958635', 'ligula.aliquam@outlook.edu', '2007-08-19', 1, 40),
       (44, 'Tasha', 'Weiss', 'Ap #849-9935 Bibendum Road', '0761817584', 'turpis.nec.mauris@hotmail.ca', '2009-08-13', 1, 1),
       (45, 'Ursula', 'Garcia', '727-2050 Semper Road', '0628147921', 'placerat.velit.quisque@aol.ca', '2007-08-03', 1, 11),
       (46, 'Buckminster', 'Franklin', '221-4140 Ultrices. Street', '0543163105', 'a.aliquet.vel@protonmail.net', '2006-12-22', 1, 19),
       (47, 'Jarrod', 'Davis', 'Ap #978-4993 Massa Rd.', '0587218962', 'non.vestibulum@aol.com', '2007-03-23', 0, 50),
       (48, 'Cora', 'Black', 'Ap #319-4075 Cubilia Ave', '0118182914', 'lacus.ut@protonmail.ca', '2007-04-22', 1, 36),
       (49, 'Deanna', 'Delacruz', 'P.O. Box 803, 9639 At St.', '0392743724', 'metus.in@icloud.org', '2008-06-25', 0, 44),
       (50, 'Maxine', 'Tucker', '8002 Bibendum Road', '0886797917', 'nec@google.ca', '2007-08-24', 1, 66);

ALTER TABLE `students`
    ADD CONSTRAINT FOREIGN KEY (`school_id`) REFERENCES `schools` (`id`) ON DELETE CASCADE ON UPDATE CASCADE;

CREATE TABLE `courses_students`
(
    `course_id`  int(11) NOT NULL,
    `student_id` int(11) NOT NULL
);

INSERT INTO `courses_students` (`course_id`, `student_id`)
VALUES (13, 47),
       (10, 17),
       (10, 27),
       (11, 4),
       (6, 23),
       (13, 41),
       (7, 47),
       (10, 43),
       (2, 8),
       (4, 24),
       (6, 10),
       (3, 29),
       (9, 15),
       (3, 33),
       (11, 7),
       (14, 49),
       (15, 37),
       (9, 2),
       (6, 35),
       (11, 12),
       (6, 28),
       (7, 46),
       (15, 50),
       (7, 29),
       (6, 33),
       (6, 11),
       (14, 47),
       (9, 36),
       (14, 31),
       (15, 49),
       (9, 12),
       (13, 15),
       (12, 13),
       (8, 5),
       (5, 42),
       (10, 6),
       (7, 33),
       (12, 3),
       (5, 43),
       (6, 50),
       (15, 28),
       (12, 8),
       (14, 39),
       (7, 44),
       (13, 35),
       (11, 50),
       (3, 34),
       (5, 31),
       (4, 10),
       (5, 26),
       (13, 40),
       (7, 48),
       (11, 5),
       (12, 46),
       (11, 19),
       (1, 6),
       (9, 18),
       (1, 24),
       (11, 14),
       (8, 36);

ALTER TABLE `courses_students`
    ADD CONSTRAINT FOREIGN KEY (`course_id`) REFERENCES `courses` (`id`) ON DELETE CASCADE ON UPDATE CASCADE,
    ADD CONSTRAINT FOREIGN KEY (`student_id`) REFERENCES `students` (`id`) ON DELETE CASCADE ON UPDATE CASCADE;

CREATE TABLE `users`
(
    `id`       int(11)     NOT NULL PRIMARY KEY AUTO_INCREMENT,
    `fullname` varchar(64) NOT NULL,
    `username` varchar(64) NOT NULL UNIQUE KEY,
    `password` char(64)    NOT NULL
);

INSERT INTO `users` (`id`, `fullname`, `username`, `password`)
VALUES (1, 'John Doe', 'jdoe', SHA2('password', 0));